Date,Open,High,Low,Close,Volume,Dividends,Stock Splits,,,,,,,
2019-05-21,39.55199814,41.47999954,39.20800018,41.01599884,90019500,0,0,,,,,,,
2019-05-22,39.81999969,40.7879982,38.35599899,38.54600143,93426000,0,0,,,,,,,
2019-05-23,38.86800003,39.89400101,37.24399948,39.09799957,132735500,0,0,,,,,,,
2019-05-24,39.9659996,39.99599838,37.75,38.12599945,70683000,0,0,,,,,,,
2019-05-28,38.24000168,39,37.56999969,37.74000168,51564500,0,0,,,,,,,
2019-05-29,37.41999817,38.47800064,37.00799942,37.97200012,59843000,0,0,,,,,,,
2019-05-30,37.75,38.45199966,37.40399933,37.64400101,39632500,0,0,,,,,,,
2019-05-31,37.02000046,37.98400116,36.81999969,37.0320015,52033500,0,0,,,,,,,
2019-06-03,37.10200119,37.33599854,35.39799881,35.79399872,65322000,0,0,,,,,,,
2019-06-04,36.22000122,38.79600143,35.92200089,38.72000122,69037500,0,0,,,,,,,
2019-06-05,39.73600006,40.25600052,38.36999893,39.31800079,67554000,0,0,,,,,,,
2019-06-06,40.88800049,42.20000076,40.36000061,41.18999863,101211000,0,0,,,,,,,
2019-06-07,41,42.16799927,40.70000076,40.90000153,80017500,0,0,,,,,,,
2019-06-10,42.04999924,43.38800049,41.80199814,42.57600021,52925000,0,0,,,,,,,
2019-06-11,43.82799911,44.18000031,42.70000076,43.41999817,58267500,0,0,,,,,,,
2019-06-12,44.59000015,44.67599869,41.79999924,41.85200119,75987500,0,0,,,,,,,
2019-06-13,42.07600021,42.97999954,41.5019989,42.7820015,40841500,0,0,,,,,,,
2019-06-14,42.25,43.33000183,42.08000183,42.98400116,37167000,0,0,,,,,,,
2019-06-17,43.09600067,45.40000153,42.85400009,45.00600052,61584000,0,0,,,,,,,
2019-06-18,45.74399948,46.94800186,44.51200104,44.94800186,63579000,0,0,,,,,,,
2019-06-19,45.02199936,45.55400085,44.2120018,45.2859993,32875500,0,0,,,,,,,
2019-06-20,44.59999847,45.38000107,43.27000046,43.92399979,59317500,0,0,,,,,,,
2019-06-21,43.24399948,44.43600082,43.09999847,44.37200165,41010500,0,0,,,,,,,
2019-06-24,44.64799881,45.17200089,44.20399857,44.72800064,28754000,0,0,,,,,,,
2019-06-25,44.87799835,45.06800079,43.89799881,43.95199966,30910500,0,0,,,,,,,
2019-06-26,44.06200027,45.44599915,43.61999893,43.85400009,42536000,0,0,,,,,,,
2019-06-27,43.88999939,44.58000183,43.47000122,44.56800079,31698500,0,0,,,,,,,
2019-06-28,44.19800186,45.0340004,44.15999985,44.69200134,34257000,0,0,,,,,,,
2019-07-01,46.04199982,46.61999893,45.25600052,45.43399811,41067000,0,0,,,,,,,
2019-07-02,45.77799988,45.83000183,44.44400024,44.90999985,46295000,0,0,,,,,,,
2019-07-03,47.87799835,48.31399918,46.90200043,46.97999954,71005500,0,0,,,,,,,
2019-07-05,46.91400146,47.09000015,46.15999985,46.61999893,35328500,0,0,,,,,,,
2019-07-08,46.2480011,46.45000076,45.73199844,46.06800079,29402500,0,0,,,,,,,
2019-07-09,45.79399872,46.20000076,45.45600128,46.01200104,30954000,0,0,,,,,,,
2019-07-10,46.83000183,47.7879982,46.62799835,47.7840004,45728500,0,0,,,,,,,
2019-07-11,47.62799835,48.29999924,47.15999985,47.72000122,37572000,0,0,,,,,,,
2019-07-12,47.95000076,49.07600021,47.94200134,49.01599884,46002500,0,0,,,,,,,
2019-07-15,49.59999847,50.88399887,48.97200012,50.70000076,55000500,0,0,,,,,,,
2019-07-16,49.86000061,50.70600128,49.58599854,50.47600174,40745000,0,0,,,,,,,
2019-07-17,51.13399887,51.66199875,50.66999817,50.97200012,48823500,0,0,,,,,,,
2019-07-18,51.00999832,51.15000153,50.37799835,50.70800018,23793000,0,0,,,,,,,
2019-07-19,51.13800049,51.99200058,50.92399979,51.63600159,35242000,0,0,,,,,,,
2019-07-22,51.75,52.43000031,50.83800125,51.13600159,34212000,0,0,,,,,,,
2019-07-23,51.34199905,52.09600067,50.90000153,52.0340004,25115500,0,0,,,,,,,
2019-07-24,51.83399963,53.2140007,51.63199997,52.97600174,55364000,0,0,,,,,,,
2019-07-25,46.70000076,46.90000153,45.11000061,45.76399994,112091500,0,0,,,,,,,
2019-07-26,45.38399887,46.05199814,44.45000076,45.60800171,50138500,0,0,,,,,,,
2019-07-29,45.41799927,47.18799973,45.20600128,47.15399933,46366500,0,0,,,,,,,
2019-07-30,46.58000183,48.67200089,46.43600082,48.45199966,40545000,0,0,,,,,,,
2019-07-31,48.59999847,49.33599854,47.33000183,48.3219986,45891000,0,0,,,,,,,
2019-08-01,48.52999878,48.90200043,46.35400009,46.77000046,41297500,0,0,,,,,,,
2019-08-02,46.27000046,47.25400162,45.84600067,46.86800003,30682500,0,0,,,,,,,
2019-08-05,45.91999817,46.27399826,45.15599823,45.66400146,35141500,0,0,,,,,,,
2019-08-06,46.37599945,46.5,45.15000153,46.15000153,27821000,0,0,,,,,,,
2019-08-07,45.29999924,46.7140007,45.15999985,46.68399811,23882500,0,0,,,,,,,
2019-08-08,46.88999939,47.95999908,46.52999878,47.65999985,26371500,0,0,,,,,,,
2019-08-09,47.20999908,47.79199982,46.76200104,47.0019989,19491000,0,0,,,,,,,
2019-08-12,46.59799957,47.15399933,45.75,45.80199814,23319500,0,0,,,,,,,
2019-08-13,45.76200104,47.20000076,45.50999832,47,24240500,0,0,,,,,,,
2019-08-14,46.24200058,46.29999924,43.33800125,43.92399979,47813000,0,0,,,,,,,
2019-08-15,44.17200089,44.31200027,42.31000137,43.12799835,40798000,0,0,,,,,,,
2019-08-16,43.33200073,44.44800186,43.20399857,43.98799896,25492500,0,0,,,,,,,
2019-08-19,44.84199905,45.56600189,44.34000015,45.36600113,26548000,0,0,,,,,,,
2019-08-20,45.52399826,45.81800079,44.90800095,45.17200089,20626000,0,0,,,,,,,
2019-08-21,44.40200043,44.64400101,43.52000046,44.16600037,38971500,0,0,,,,,,,
2019-08-22,44.56000137,45.08000183,43.64400101,44.43000031,32795000,0,0,,,,,,,
2019-08-23,43.99399948,44.23400116,42.20000076,42.27999878,42693000,0,0,,,,,,,
2019-08-26,42.72000122,43.00400162,42.30799866,43,25259500,0,0,,,,,,,
2019-08-27,43.14799881,43.75999832,42.40599823,42.81600189,27081000,0,0,,,,,,,
2019-08-28,42.73799896,43.45000076,42.4620018,43.11800003,16127500,0,0,,,,,,,
2019-08-29,43.79999924,44.68000031,43.59999847,44.34199905,25897500,0,0,,,,,,,
2019-08-30,45.83000183,46.48799896,44.84199905,45.12200165,46603000,0,0,,,,,,,
2019-09-03,44.81600189,45.79000092,44.63199997,45.0019989,26770500,0,0,,,,,,,
2019-09-04,45.37799835,45.69200134,43.84199905,44.13600159,28805000,0,0,,,,,,,
2019-09-05,44.5,45.95999908,44.16999817,45.91600037,36976500,0,0,,,,,,,
2019-09-06,45.43999863,45.9280014,45.0340004,45.49000168,20947000,0,0,,,,,,,
2019-09-09,46,46.7519989,45.84600067,46.35800171,24013500,0,0,,,,,,,
2019-09-10,46.15999985,47.10800171,45.7879982,47.10800171,24418500,0,0,,,,,,,
2019-09-11,47.47600174,49.63399887,47.20000076,49.41999817,50214000,0,0,,,,,,,
2019-09-12,49.54000092,50.70000076,48.88000107,49.17399979,42906000,0,0,,,,,,,
2019-09-13,49.39199829,49.68999863,48.97399902,49.04000092,26565500,0,0,,,,,,,
2019-09-16,49.20000076,49.48600006,48.23400116,48.56200027,23640500,0,0,,,,,,,
2019-09-17,48.49399948,49.11999893,48.07400131,48.95800018,19327000,0,0,,,,,,,
2019-09-18,49,49.63399887,48.47399902,48.69800186,20851000,0,0,,,,,,,
2019-09-19,49.20000076,49.58800125,48.9679985,49.31999969,23979000,0,0,,,,,,,
2019-09-20,49.29800034,49.38999939,47.63199997,48.12400055,31765000,0,0,,,,,,,
2019-09-23,48,49.0359993,47.84400177,48.24599838,21701000,0,0,,,,,,,
2019-09-24,48.30400085,48.39799881,44.52199936,44.64199829,64457500,0,0,,,,,,,
2019-09-25,44.91199875,45.79600143,43.67200089,45.74000168,47135500,0,0,,,,,,,
2019-09-26,46.13199997,48.66199875,45.47999954,48.51200104,59422500,0,0,,,,,,,
2019-09-27,48.43999863,49.74200058,47.74599838,48.42599869,55582000,0,0,,,,,,,
2019-09-30,48.59999847,48.79600143,47.22200012,48.17399979,29399000,0,0,,,,,,,
2019-10-01,48.29999924,49.18999863,47.82600021,48.93799973,30813000,0,0,,,,,,,
2019-10-02,48.65800095,48.93000031,47.88600159,48.62599945,28157000,0,0,,,,,,,
2019-10-03,46.37200165,46.89599991,44.85599899,46.60599899,75422500,0,0,,,,,,,
2019-10-04,46.3219986,46.95600128,45.61399841,46.2859993,39975000,0,0,,,,,,,
2019-10-07,45.95999908,47.7120018,45.70999908,47.54399872,40321000,0,0,,,,,,,
2019-10-08,47.17399979,48.7879982,46.90000153,48.00999832,43391000,0,0,,,,,,,
2019-10-09,48.26399994,49.45999908,48.13000107,48.90599823,34472000,0,0,,,,,,,
2019-10-10,49.05599976,49.85599899,48.31600189,48.94800186,31416500,0,0,,,,,,,
2019-10-11,49.43000031,50.2159996,49.36199951,49.57799911,42377000,0,0,,,,,,,
2019-10-14,49.58000183,51.70999908,49.42599869,51.39199829,51025000,0,0,,,,,,,
2019-10-15,51.54000092,52,50.82400131,51.57799911,32164000,0,0,,,,,,,
2019-10-16,51.47800064,52.41999817,51.38399887,51.95000076,33420500,0,0,,,,,,,
2019-10-17,52.5,52.95600128,52.0340004,52.39400101,23846500,0,0,,,,,,,
2019-10-18,52.13999939,52.56000137,51.02000046,51.38999939,28749000,0,0,,,,,,,
2019-10-21,51.66600037,51.90000153,50.0359993,50.70000076,25101500,0,0,,,,,,,
2019-10-22,50.86399841,51.66600037,50.16999817,51.11600113,23004000,0,0,,,,,,,
2019-10-23,50.90000153,51.22800064,50.27000046,50.93600082,26305500,0,0,,,,,,,
2019-10-24,59.67399979,60.98600006,57.84000015,59.93600082,148604500,0,0,,,,,,,
2019-10-25,59.54399872,66,59.22200012,65.62599945,150030500,0,0,,,,,,,
2019-10-28,65.50800323,68.16799927,64.51999664,65.54199982,94351500,0,0,,,,,,,
2019-10-29,63.9980011,64.86000061,62.95000076,63.24399948,63421500,0,0,,,,,,,
2019-10-30,62.59999847,63.75799942,61.99399948,63.0019989,48209000,0,0,,,,,,,
2019-10-31,62.61999893,63.79999924,62.59999847,62.98400116,25335000,0,0,,,,,,,
2019-11-01,63.26399994,63.29600143,61.95999908,62.66199875,31919500,0,0,,,,,,,
2019-11-04,62.95999908,64.38800049,61.85200119,63.49399948,43935000,0,0,,,,,,,
2019-11-05,63.92399979,64.70200348,63.22399902,63.44400024,34717000,0,0,,,,,,,
2019-11-06,63.59999847,65.34400177,62.90000153,65.31600189,39704500,0,0,,,,,,,
2019-11-07,65.82800293,68.30000305,65.60399628,67.10800171,72336500,0,0,,,,,,,
2019-11-08,66.90000153,67.49199677,66.5,67.4280014,30346000,0,0,,,,,,,
2019-11-11,68.79000092,69.83799744,68.40000153,69.01799774,49933500,0,0,,,,,,,
2019-11-12,69.37999725,70.0739975,68.80799866,69.98600006,36797000,0,0,,,,,,,
2019-11-13,71,71.26599884,69.03600311,69.22200012,42100500,0,0,,,,,,,
2019-11-14,69.22200012,70.76799774,68.58200073,69.87000275,32324500,0,0,,,,,,,
2019-11-15,70.12799835,70.55999756,69.67199707,70.43399811,24045000,0,0,,,,,,,
2019-11-18,70.58399963,70.62999725,69.22000122,69.9980011,22002000,0,0,,,,,,,
2019-11-19,70.34999847,71.9980011,69.55999756,71.90399933,38624000,0,0,,,,,,,
2019-11-20,72,72.23999786,69.91400146,70.44400024,33625500,0,0,,,,,,,
2019-11-21,70.90200043,72.16799927,70.80000305,70.96600342,30550000,0,0,,,,,,,
2019-11-22,68.03199768,68.19999695,66,66.60800171,84353000,0,0,,,,,,,
2019-11-25,68.86399841,68.91400146,66.89199829,67.26799774,61697500,0,0,,,,,,,
2019-11-26,67.05400085,67.09999847,65.41999817,65.78399658,39737000,0,0,,,,,,,
2019-11-27,66.22399902,66.78600311,65.71399689,66.25800323,27778000,0,0,,,,,,,
2019-11-29,66.22200012,66.2519989,65.5,65.98799896,12328000,0,0,,,,,,,
2019-12-02,65.87999725,67.27600098,65.73799896,66.97399902,30372500,0,0,,,,,,,
2019-12-03,66.52400208,67.58200073,66.43800354,67.23999786,32868500,0,0,,,,,,,
2019-12-04,67.55000305,67.5719986,66.56999969,66.60600281,27665000,0,0,,,,,,,
2019-12-05,66.56600189,66.88400269,65.44999695,66.0739975,18623000,0,0,,,,,,,
2019-12-06,67,67.77200317,66.95400238,67.1780014,38062000,0,0,,,,,,,
2019-12-09,67.31800079,68.88999939,67.01599884,67.90599823,45115500,0,0,,,,,,,
2019-12-10,67.99199677,70.14600372,67.86199951,69.76799774,44141500,0,0,,,,,,,
2019-12-11,70.37599945,71.43800354,70.21800232,70.54000092,34489000,0,0,,,,,,,
2019-12-12,70.98400116,72.54799652,70.64600372,71.93599701,38819500,0,0,,,,,,,
2019-12-13,72.20999908,73.04199982,70.9280014,71.6780014,32854500,0,0,,,,,,,
2019-12-16,72.51000214,76.72200012,72.5,76.30000305,90871000,0,0,,,,,,,
2019-12-17,75.79799652,77.09999847,75.18000031,75.79799652,42484000,0,0,,,,,,,
2019-12-18,76.12599945,79.04399872,76.11599731,78.62999725,70605000,0,0,,,,,,,
2019-12-19,79.46399689,81.37000275,79.30000305,80.80799866,90535500,0,0,,,,,,,
2019-12-20,82.05799866,82.59999847,80.03800201,81.11799622,73763500,0,0,,,,,,,
2019-12-23,82.35600281,84.40200043,82,83.84400177,66598000,0,0,,,,,,,
2019-12-24,83.67199707,85.09400177,82.53800201,85.05000305,40273500,0,0,,,,,,,
2019-12-26,85.58200073,86.69599915,85.26999664,86.18800354,53169500,0,0,,,,,,,
2019-12-27,87,87.06199646,85.22200012,86.0759964,49728500,0,0,,,,,,,
2019-12-30,85.75800323,85.80000305,81.85199738,82.94000244,62932000,0,0,,,,,,,
2019-12-31,81,84.25800323,80.41600037,83.66600037,51428500,0,0,,,,,,,
2020-01-02,84.90000153,86.13999939,84.34200287,86.05200195,47660500,0,0,,,,,,,
2020-01-03,88.09999847,90.80000305,87.38400269,88.60199738,88892500,0,0,,,,,,,
2020-01-06,88.09400177,90.31199646,88,90.30799866,50665000,0,0,,,,,,,
2020-01-07,92.27999878,94.3259964,90.67199707,93.81199646,89410500,0,0,,,,,,,
2020-01-08,94.73999786,99.69799805,93.64600372,98.4280014,155721500,0,0,,,,,,,
2020-01-09,99.41999817,99.76000214,94.5739975,96.26799774,142202000,0,0,,,,,,,
2020-01-10,96.35800171,96.98799896,94.73999786,95.62999725,64797500,0,0,,,,,,,
2020-01-13,98.69999695,105.1259995,98.40000153,104.9720001,132588000,0,0,,,,,,,
2020-01-14,108.8519974,109.4820023,104.9800034,107.5839996,144981000,0,0,,,,,,,
2020-01-15,105.9520035,107.5680008,103.3580017,103.6999969,86844000,0,0,,,,,,,
2020-01-16,98.75,102.8919983,98.43399811,102.697998,108683500,0,0,,,,,,,
2020-01-17,101.5220032,103.1340027,100.6320038,102.0999985,68145500,0,0,,,,,,,
2020-01-21,106.0500031,109.7160034,105.6819992,109.4400024,89017500,0,0,,,,,,,
2020-01-22,114.3779984,118.9000015,111.8199997,113.9120026,156845000,0,0,,,,,,,
2020-01-23,112.8499985,116.4000015,111.1200027,114.4400024,98255000,0,0,,,,,,,
2020-01-24,114.1259995,114.7720032,110.8519974,112.9639969,71768000,0,0,,,,,,,
2020-01-27,108.3980026,112.8880005,107.8560028,111.6039963,68040500,0,0,,,,,,,
2020-01-28,113.697998,115.3619995,111.6159973,113.3799973,58942500,0,0,,,,,,,
2020-01-29,115.1380005,117.9599991,113.4860001,116.197998,89007500,0,0,,,,,,,
2020-01-30,126.4840012,130.1759949,123.5999985,128.1620026,145028500,0,0,,,,,,,
2020-01-31,128,130.6000061,126.5039978,130.1139984,78596500,0,0,,,,,,,
2020-02-03,134.7380066,157.2279968,134.7039948,156,235325000,0,0,,,,,,,
2020-02-04,176.5919952,193.7980042,166.776001,177.4120026,304694000,0,0,,,,,,,
2020-02-05,164.6519928,169.1959991,140.8220062,146.9400024,242119000,0,0,,,,,,,
2020-02-06,139.9839935,159.1660004,137.3999939,149.7920074,199404000,0,0,,,,,,,
2020-02-07,146.1100006,153.9499969,146,149.6139984,85317500,0,0,,,,,,,
2020-02-10,160,163.9980011,150.4799957,154.2559967,123446000,0,0,,,,,,,
2020-02-11,153.7579956,156.7019958,151.6000061,154.8760071,58487500,0,0,,,,,,,
2020-02-12,155.5740051,157.9499969,152.673996,153.4579926,60112500,0,0,,,,,,,
2020-02-13,148.3679962,163.6000061,147,160.8000031,131446500,0,0,,,,,,,
2020-02-14,157.4440002,162.5939941,157.1000061,160.0059967,78468500,0,0,,,,,,,
2020-02-18,168.3200073,172,166.4720001,171.6799927,81908500,0,0,,,,,,,
2020-02-19,184.6999969,188.9559937,180.2039948,183.4839935,127115000,0,0,,,,,,,
2020-02-20,182.3899994,182.3999939,171.9880066,179.8820038,88174500,0,0,,,,,,,
2020-02-21,181.3959961,182.6119995,176.0899963,180.1999969,71574000,0,0,,,,,,,
2020-02-24,167.8000031,172.6999969,164.4400024,166.7579956,75961000,0,0,,,,,,,
2020-02-25,169.8000031,171.3200073,157.3999939,159.9819946,86452500,0,0,,,,,,,
2020-02-26,156.5,162.6620026,155.2220001,155.7599945,70427500,0,0,,,,,,,
2020-02-27,146,147.9539948,133.8000031,135.8000031,121386000,0,0,,,,,,,
2020-02-28,125.9400024,138.1040039,122.3040009,133.5980072,121114500,0,0,,,,,,,
2020-03-02,142.2519989,148.7380066,137.3339996,148.723999,100975000,0,0,,,,,,,
2020-03-03,161,161.3959961,143.2220001,149.102005,128920000,0,0,,,,,,,
2020-03-04,152.7920074,153.3040009,144.9459991,149.8999939,75245000,0,0,,,,,,,
2020-03-05,144.7539978,149.1499939,143.6139984,144.9080048,54263500,0,0,,,,,,,
2020-03-06,138,141.3999939,136.8540039,140.6959991,63314500,0,0,,,,,,,
2020-03-09,121.0780029,132.6000061,121,121.5999985,85368500,0,0,,,,,,,
2020-03-10,131.8860016,133.6000061,121.5999985,129.0659943,77972000,0,0,,,,,,,
2020-03-11,128.0399933,130.7160034,122.5999985,126.8460007,66612500,0,0,,,,,,,
2020-03-12,116.1780014,118.9000015,109.25,112.1100006,94545500,0,0,,,,,,,
2020-03-13,119,121.5139999,100.4000015,109.3239975,113201500,0,0,,,,,,,
2020-03-16,93.90000153,98.97399902,88.43399811,89.01399994,102447500,0,0,,,,,,,
2020-03-17,88.0019989,94.37000275,79.19999695,86.04000092,119973000,0,0,,,,,,,
2020-03-18,77.80000305,80.97200012,70.10199738,72.2440033,118931000,0,0,,,,,,,
2020-03-19,74.94000244,90.40000153,71.69200134,85.52799988,150977500,0,0,,,,,,,
2020-03-20,87.63999939,95.40000153,85.15799713,85.5059967,141427500,0,0,,,,,,,
2020-03-23,86.72000122,88.40000153,82.09999847,86.85800171,82272500,0,0,,,,,,,
2020-03-24,95.45999908,102.737999,94.80000305,101,114476000,0,0,,,,,,,
2020-03-25,109.0500031,111.4000015,102.2220001,107.8499985,106113500,0,0,,,,,,,
2020-03-26,109.4779968,112,102.4499969,105.6320038,86903500,0,0,,,,,,,
2020-03-27,101,105.1600037,98.80599976,102.8720016,71887000,0,0,,,,,,,
2020-03-30,102.052002,103.3300018,98.2460022,100.4260025,59990500,0,0,,,,,,,
2020-03-31,100.25,108.5920029,99.40000153,104.8000031,88857500,0,0,,,,,,,
2020-04-01,100.8000031,102.7900009,95.01999664,96.31199646,66766000,0,0,,,,,,,
2020-04-02,96.20600128,98.85199738,89.27999878,90.89399719,99292000,0,0,,,,,,,
2020-04-03,101.9000015,103.0979996,93.6780014,96.0019989,112810500,0,0,,,,,,,
2020-04-06,102.2399979,104.1999969,99.59200287,103.2480011,74509000,0,0,,,,,,,
2020-04-07,109,113,106.4680023,109.0899963,89599000,0,0,,,,,,,
2020-04-08,110.8399963,111.4420013,106.6660004,109.7679977,63280000,0,0,,,,,,,
2020-04-09,112.4179993,115.0360031,111.4219971,114.5999985,68250000,0,0,,,,,,,
2020-04-13,118.0319977,130.3999939,116.1060028,130.1900024,112377000,0,0,,,,,,,
2020-04-14,139.7940063,148.3760071,138.4859924,141.9779968,152882500,0,0,,,,,,,
2020-04-15,148.3999939,150.6260071,142,145.9660034,117885000,0,0,,,,,,,
2020-04-16,143.3880005,151.8899994,141.3439941,149.0420074,103289500,0,0,,,,,,,
2020-04-17,154.4559937,154.9900055,149.5319977,150.7779999,65641000,0,0,,,,,,,
2020-04-20,146.5399933,153.1139984,142.4420013,149.2720032,73733000,0,0,,,,,,,
2020-04-21,146.0240021,150.6660004,134.7579956,137.3439941,101045500,0,0,,,,,,,
2020-04-22,140.7960052,146.8000031,137.7420044,146.4219971,70827500,0,0,,,,,,,
2020-04-23,145.5200043,146.8000031,140.6260071,141.1260071,66183500,0,0,,,,,,,
2020-04-24,142.1620026,146.1459961,139.6360016,145.0299988,66060000,0,0,,,,,,,
2020-04-27,147.5220032,159.897995,147,159.75,103407000,0,0,,,,,,,
2020-04-28,159.128006,161,151.3379974,153.8240051,76110000,0,0,,,,,,,
2020-04-29,158.0339966,160.6399994,156.6320038,160.102005,81080000,0,0,,,,,,,
2020-04-30,171.0379944,173.9640045,152.6999969,156.3760071,142359500,0,0,,,,,,,
2020-05-01,151,154.5540009,136.6080017,140.2640076,162659000,0,0,,,,,,,
2020-05-04,140.1999969,152.3999939,139.6000061,152.2380066,96185500,0,0,,,,,,,
2020-05-05,157.9579926,159.7839966,152.4360046,153.6419983,84958500,0,0,,,,,,,
2020-05-06,155.3000031,157.9600067,152.2220001,156.5160065,55616000,0,0,,,,,,,
2020-05-07,155.4420013,159.2799988,154.4700012,156.0079956,57638500,0,0,,,,,,,
2020-05-08,158.7539978,164.8000031,157.4019928,163.8840027,80432500,0,0,,,,,,,
2020-05-11,158.102005,164.8000031,157,162.2579956,82598000,0,0,,,,,,,
2020-05-12,165.3999939,168.6580048,161.6000061,161.8820038,79534500,0,0,,,,,,,
2020-05-13,164.1660004,165.1999969,152.6600037,158.1920013,95327500,0,0,,,,,,,
2020-05-14,156,160.6719971,152.8000031,160.6660004,68411000,0,0,,,,,,,
2020-05-15,158.0700073,161.0099945,157.3099976,159.8339996,52592000,0,0,,,,,,,
2020-05-18,165.5559998,166.9440002,160.776001,162.7259979,58329000,0,0,,,,,,,
2020-05-19,163.0339966,164.4140015,161.2160034,161.602005,48182500,0,0,,,,,,,
2020-05-20,164.1000061,165.1999969,162.3600006,163.1119995,36546500,0,0,,,,,,,
2020-05-21,163.1999969,166.5,159.1999969,165.5200043,61273000,0,0,,,,,,,
2020-05-22,164.4340057,166.3560028,162.3999939,163.3760071,49937500,0,0,,,,,,,
2020-05-26,166.8999939,166.9199982,163.1419983,163.7740021,40448500,0,0,,,,,,,
2020-05-27,164.1719971,165.5420074,157,164.0460052,57747500,0,0,,,,,,,
2020-05-28,162.7019958,164.9499969,160.3379974,161.1620026,36278000,0,0,,,,,,,
2020-05-29,161.75,167,160.8419952,167,58822500,0,0,,,,,,,
2020-06-01,171.6000061,179.8000031,170.8200073,179.6199951,74697500,0,0,,,,,,,
2020-06-02,178.9400024,181.7319946,174.1999969,176.3119965,67828000,0,0,,,,,,,
2020-06-03,177.6239929,179.5879974,176.0200043,176.5919952,39747500,0,0,,,,,,,
2020-06-04,177.9759979,179.1499939,171.6880035,172.8760071,44438500,0,0,,,,,,,
2020-06-05,175.5679932,177.3040009,173.2400055,177.1320038,39059500,0,0,,,,,,,
2020-06-08,183.8000031,190,181.8320007,189.9839935,70873500,0,0,,,,,,,
2020-06-09,188.0019989,190.8880005,184.7859955,188.1340027,56941000,0,0,,,,,,,
2020-06-10,198.3760071,205.4960022,196.5,205.0099945,92817000,0,0,,,,,,,
2020-06-11,198.0399933,203.7920074,194.3999939,194.5679932,79582500,0,0,,,,,,,
2020-06-12,196,197.595993,182.5200043,187.0559998,83817000,0,0,,,,,,,
2020-06-15,183.5579987,199.7680054,181.6999969,198.1799927,78486000,0,0,,,,,,,
2020-06-16,202.3699951,202.576004,192.4779968,196.4259949,70255500,0,0,,,,,,,
2020-06-17,197.5420074,201,196.5140076,198.3580017,49454000,0,0,,,,,,,
2020-06-18,200.6000061,203.8399963,198.8939972,200.7920074,48759500,0,0,,,,,,,
2020-06-19,202.5559998,203.1940002,198.2680054,200.1799927,43398500,0,0,,,,,,,
2020-06-22,199.9900055,201.776001,198.0039978,198.8639984,31812000,0,0,,,,,,,
2020-06-23,199.776001,202.3999939,198.802002,200.3560028,31826500,0,0,,,,,,,
2020-06-24,198.8220062,200.1759949,190.628006,192.1699982,54798000,0,0,,,,,,,
2020-06-25,190.8540039,197.1959991,187.4299927,197.1959991,46272500,0,0,,,,,,,
2020-06-26,198.9559937,199,190.973999,191.947998,44274500,0,0,,,,,,,
2020-06-29,193.802002,202,189.7039948,201.8699951,45132000,0,0,,,,,,,
2020-06-30,201.3000031,217.5379944,200.7460022,215.9620056,84592500,0,0,,,,,,,
2020-07-01,216.6000061,227.0659943,216.1000061,223.9259949,66634500,0,0,,,,,,,
2020-07-02,244.2960052,245.6000061,237.1199951,241.7319946,86250500,0,0,,,,,,,
2020-07-06,255.3379974,275.5580139,253.2079926,274.3160095,102849500,0,0,,,,,,,
2020-07-07,281.0020142,285.8999939,267.3420105,277.9719849,107448500,0,0,,,,,,,
2020-07-08,281,283.4519958,262.2680054,273.1759949,81556500,0,0,,,,,,,
2020-07-09,279.3980103,281.7120056,270.256012,278.8559875,58588000,0,0,,,,,,,
2020-07-10,279.2000122,309.7839966,275.2019958,308.9299927,116688000,0,0,,,,,,,
2020-07-13,331.7999878,358.9979858,294.2219849,299.4119873,194927000,0,0,,,,,,,
2020-07-14,311.2000122,318,286.2000122,303.3599854,117090500,0,0,,,,,,,
2020-07-15,308.6000061,310,291.3999939,309.2019958,81839000,0,0,,,,,,,
2020-07-16,295.4320068,306.3420105,293.2000122,300.1279907,71504000,0,0,,,,,,,
2020-07-17,302.6900024,307.5020142,298,300.1679993,46650000,0,0,,,,,,,
2020-07-20,303.802002,330,297.6000061,328.6000061,85607000,0,0,,,,,,,
2020-07-21,327.9859924,335,311.6000061,313.6719971,80536000,0,0,,,,,,,
2020-07-22,319.7999878,325.2839966,312.3999939,318.4660034,70805500,0,0,,,,,,,
2020-07-23,335.7900085,337.7999878,296.1539917,302.6140137,121642500,0,0,,,,,,,
2020-07-24,283.2019958,293,273.3080139,283.3999939,96983000,0,0,,,,,,,
2020-07-27,287,309.5880127,282.6000061,307.9200134,80243500,0,0,,,,,,,
2020-07-28,300.7999878,312.9400024,294.8840027,295.2980042,79043500,0,0,,,,,,,
2020-07-29,300.2000122,306.9620056,297.3999939,299.821991,47134500,0,0,,,,,,,
2020-07-30,297.6000061,302.6480103,294.2000122,297.4979858,38105000,0,0,,,,,,,
2020-07-31,303,303.4100037,284.1960144,286.1520081,61041000,0,0,,,,,,,
2020-08-03,289.8399963,301.9620056,288.8760071,297,44046500,0,0,,,,,,,
2020-08-04,299.0020142,305.4819946,292.3999939,297.3999939,42075000,0,0,,,,,,,
2020-08-05,298.5979919,299.9679871,293.6619873,297.0039978,24739000,0,0,,,,,,,
2020-08-06,298.1659851,303.4620056,295.4519958,297.9159851,29961500,0,0,,,,,,,
2020-08-07,299.9079895,299.9500122,283.0020142,290.5419922,44482000,0,0,,,,,,,
2020-08-10,289.6000061,291.5,277.1679993,283.7139893,37611500,0,0,,,,,,,
2020-08-11,279.2000122,284,273,274.8779907,43129000,0,0,,,,,,,
2020-08-12,294,317,287,310.9519958,109147000,0,0,,,,,,,
2020-08-13,322.2000122,330.2359924,313.4519958,324.2000122,102126500,0,0,,,,,,,
2020-08-14,332.9979858,333.7600098,325.3280029,330.1419983,62888000,0,0,,,,,,,
2020-08-17,335.3999939,369.1719971,334.5660095,367.1279907,101211500,0,0,,,,,,,
2020-08-18,379.7980042,384.7799988,369.0220032,377.4179993,82372500,0,0,,,,,,,
2020-08-19,373,382.2000122,368.2420044,375.7059937,61026500,0,0,,,,,,,
2020-08-20,372.1359863,404.3980103,371.4119873,400.3659973,103059000,0,0,,,,,,,
2020-08-21,408.9519958,419.0979919,405.0100098,409.9960022,107448000,0,0,,,,,,,
2020-08-24,425.256012,425.7999878,385.5039978,402.8399963,100318000,0,0,,,,,,,
2020-08-25,394.9779968,405.5899963,393.6000061,404.6679993,53294500,0,0,,,,,,,
2020-08-26,412,433.2000122,410.7260132,430.6340027,71197000,0,0,,,,,,,
2020-08-27,436.0920105,459.1199951,428.5,447.75,118465000,0,0,,,,,,,
2020-08-28,459.0239868,463.697998,437.3039856,442.6799927,100406000,0,0,,,,,,,
2020-08-31,444.6099854,500.1400146,440.1099854,498.3200073,118374400,0,5,,,,,,,
2020-09-01,502.1400146,502.4899902,470.5100098,475.0499878,89841100,0,0,,,,,,,
2020-09-02,478.9899902,479.0400085,405.1199951,447.3699951,96176100,0,0,,,,,,,
2020-09-03,407.230011,431.7999878,402,407,87596100,0,0,,,,,,,
2020-09-04,402.8099976,428,372.019989,418.3200073,110321900,0,0,,,,,,,
2020-09-08,356,368.7399902,329.8800049,330.2099915,115465700,0,0,,,,,,,
2020-09-09,356.6000061,369,341.5100098,366.2799988,79465800,0,0,,,,,,,
2020-09-10,386.2099915,398.9899902,360.5599976,371.3399963,84930600,0,0,,,,,,,
2020-09-11,381.9400024,382.5,360.5,372.7200012,60717500,0,0,,,,,,,
2020-09-14,380.9500122,420,373.2999878,419.6199951,83020600,0,0,,,,,,,
2020-09-15,436.5599976,461.9400024,430.7000122,449.7600098,97298200,0,0,,,,,,,
2020-09-16,439.8699951,457.7900085,435.3099976,441.7600098,72279300,0,0,,,,,,,
2020-09-17,415.6000061,437.7900085,408,423.4299927,76779200,0,0,,,,,,,
2020-09-18,447.9400024,451,428.7999878,442.1499939,86406800,0,0,,,,,,,
2020-09-21,453.1300049,455.6799927,407.0700073,449.3900146,109476800,0,0,,,,,,,
2020-09-22,429.6000061,437.7600098,417.6000061,424.230011,79580800,0,0,,,,,,,
2020-09-23,405.1600037,412.1499939,375.8800049,380.3599854,95074200,0,0,,,,,,,
2020-09-24,363.7999878,399.5,351.2999878,387.7900085,96561100,0,0,,,,,,,
2020-09-25,393.4700012,408.730011,391.2999878,407.3399963,67208500,0,0,,,,,,,
2020-09-28,424.6199951,428.0799866,415.5499878,421.2000122,49719600,0,0,,,,,,,
2020-09-29,416,428.5,411.6000061,419.0700073,50219300,0,0,,,,,,,
2020-09-30,421.3200073,433.9299927,420.4700012,429.0100098,48145600,0,0,,,,,,,
2020-10-01,440.7600098,448.8800049,434.4200134,448.1600037,50741500,0,0,,,,,,,
2020-10-02,421.3900146,439.1300049,415,415.0899963,71430000,0,0,,,,,,,
2020-10-05,423.3500061,433.6400146,419.3299866,425.6799927,44722800,0,0,,,,,,,
2020-10-06,423.7900085,428.7799988,406.0499878,413.980011,49146300,0,0,,,,,,,
2020-10-07,419.8699951,429.8999939,413.8500061,425.2999878,43127700,0,0,,,,,,,
2020-10-08,438.4400024,439,425.2999878,425.9200134,40421100,0,0,,,,,,,
2020-10-09,430.1300049,434.5899963,426.4599915,434,28925700,0,0,,,,,,,
2020-10-12,442,448.7399902,438.5799866,442.2999878,38791100,0,0,,,,,,,
2020-10-13,443.3500061,448.8900146,436.6000061,446.6499939,34463700,0,0,,,,,,,
2020-10-14,449.7799988,465.8999939,447.3500061,461.2999878,47879700,0,0,,,,,,,
2020-10-15,450.3099976,456.5700073,442.5,448.8800049,35672400,0,0,,,,,,,
2020-10-16,454.4400024,455.9500122,438.8500061,439.6700134,32775900,0,0,,,,,,,
2020-10-19,446.2399902,447,428.8699951,430.8299866,36287800,0,0,,,,,,,
2020-10-20,431.75,431.75,419.0499878,421.9400024,31656300,0,0,,,,,,,
2020-10-21,422.7000122,432.9500122,421.25,422.6400146,32370500,0,0,,,,,,,
2020-10-22,441.9200134,445.230011,424.5100098,425.7900085,39993200,0,0,,,,,,,
2020-10-23,421.8399963,422.8900146,407.3800049,420.6300049,33717000,0,0,,,,,,,
2020-10-26,411.6300049,425.7600098,410,420.2799988,28239200,0,0,,,,,,,
2020-10-27,423.7600098,430.5,420.1000061,424.6799927,22686500,0,0,,,,,,,
2020-10-28,416.480011,418.6000061,406,406.019989,25451400,0,0,,,,,,,
2020-10-29,409.9599915,418.0599976,406.4599915,410.8299866,22655300,0,0,,,,,,,
2020-10-30,406.8999939,407.5899963,379.1099854,388.0400085,42511300,0,0,,,,,,,
2020-11-02,394,406.980011,392.2999878,400.5100098,29021100,0,0,,,,,,,
2020-11-03,409.730011,427.769989,406.6900024,423.8999939,34351700,0,0,,,,,,,
2020-11-04,430.6199951,435.3999939,417.1000061,420.980011,32143100,0,0,,,,,,,
2020-11-05,428.2999878,440,424,438.0899963,28414500,0,0,,,,,,,
2020-11-06,436.1000061,436.5700073,424.2799988,429.9500122,21706000,0,0,,,,,,,
2020-11-09,439.5,452.5,421,421.2600098,34833000,0,0,,,,,,,
2020-11-10,420.0899963,420.0899963,396.0299988,410.3599854,30284200,0,0,,,,,,,
2020-11-11,416.4500122,418.7000122,410.5799866,417.1300049,17357700,0,0,,,,,,,
2020-11-12,415.0499878,423,409.519989,411.7600098,19855100,0,0,,,,,,,
2020-11-13,410.8500061,412.5299988,401.6600037,408.5,19771100,0,0,,,,,,,
2020-11-16,408.9299927,412.4500122,404.0899963,408.0899963,26838600,0,0,,,,,,,
2020-11-17,460.1700134,462,433.0100098,441.6099854,61188300,0,0,,,,,,,
2020-11-18,448.3500061,496,443.5,486.6400146,78044000,0,0,,,,,,,
2020-11-19,492,508.6099854,487.5700073,499.269989,62475300,0,0,,,,,,,
2020-11-20,497.9899902,502.5,489.0599976,489.6099854,32911900,0,0,,,,,,,
2020-11-23,503.5,526,501.7900085,521.8499756,50260300,0,0,,,,,,,
2020-11-24,540.4000244,559.9899902,526.2000122,555.3800049,53648500,0,0,,,,,,,
2020-11-25,550.0599976,574,545.3699951,574,48930200,0,0,,,,,,,
2020-11-27,581.1599731,598.7800293,578.4500122,585.7600098,37561100,0,0,,,,,,,
2020-11-30,602.210022,607.7999878,554.5100098,567.5999756,63003100,0,0,,,,,,,
2020-12-01,597.5900269,597.8499756,572.0499878,584.7600098,40103500,0,0,,,,,,,
2020-12-02,556.4400024,571.539978,541.210022,568.8200073,47775700,0,0,,,,,,,
2020-12-03,590.0200195,598.9699707,582.4299927,593.3800049,42552000,0,0,,,,,,,
2020-12-04,591.0100098,599.039978,585.5,599.039978,29401300,0,0,,,,,,,
2020-12-07,604.9199829,648.789978,603.0499878,641.7600098,56309700,0,0,,,,,,,
2020-12-08,625.5100098,651.2800293,618.5,649.8800049,64265000,0,0,,,,,,,
2020-12-09,653.6900024,654.3200073,588,604.4799805,71291200,0,0,,,,,,,
2020-12-10,574.3699951,627.75,566.3400269,627.0700073,67083200,0,0,,,,,,,
2020-12-11,615.0100098,624,596.7999878,609.9899902,46475000,0,0,,,,,,,
2020-12-14,619,642.75,610.2000122,639.8300171,52040600,0,0,,,,,,,
2020-12-15,643.2800293,646.9000244,623.7999878,633.25,45071500,0,0,,,,,,,
2020-12-16,628.2299805,632.5,605,622.7700195,42095800,0,0,,,,,,,
2020-12-17,628.1900024,658.8200073,619.5,655.9000244,56270100,0,0,,,,,,,
2020-12-18,668.9000244,695,628.539978,695,222126200,0,0,,,,,,,
2020-12-21,666.2399902,668.5,646.0700073,649.8599854,58045300,0,0,,,,,,,
2020-12-22,648,649.8800049,614.2299805,640.3400269,51716000,0,0,,,,,,,
2020-12-23,632.2000122,651.5,622.5700073,645.9799805,33173000,0,0,,,,,,,
2020-12-24,642.9899902,666.0900269,641,661.7700195,22865600,0,0,,,,,,,
2020-12-28,674.5100098,681.4000244,660.7999878,663.6900024,32278600,0,0,,,,,,,
2020-12-29,661,669.9000244,655,665.9899902,22910800,0,0,,,,,,,
2020-12-30,672,696.5999756,668.3599854,694.7800293,42846000,0,0,,,,,,,
2020-12-31,699.9899902,718.7199707,691.1199951,705.6699829,49649900,0,0,,,,,,,
2021-01-04,719.460022,744.4899902,717.1900024,729.7700195,48638200,0,0,,,,,,,
2021-01-05,723.6599731,740.8400269,719.2000122,735.1099854,32245200,0,0,,,,,,,
2021-01-06,758.4899902,774,749.0999756,755.9799805,44700000,0,0,,,,,,,
2021-01-07,777.6300049,816.9899902,775.2000122,816.039978,51498900,0,0,,,,,,,
2021-01-08,856,884.4899902,838.3900146,880.0200195,75055500,0,0,,,,,,,
2021-01-11,849.4000244,854.4299927,803.6199951,811.1900024,59301600,0,0,,,,,,,
2021-01-12,831,868,827.3400269,849.4400024,46270700,0,0,,,,,,,
2021-01-13,852.7600098,860.4699707,832,854.4099731,33312500,0,0,,,,,,,
2021-01-14,843.3900146,863,838.75,845,31266300,0,0,,,,,,,
2021-01-15,852,859.9000244,819.0999756,826.1599731,38777600,0,0,,,,,,,
2021-01-19,837.7999878,850,833,844.5499878,25367000,0,0,,,,,,,
2021-01-20,858.7399902,859.5,837.2800293,850.4500122,25665900,0,0,,,,,,,
2021-01-21,855,855.7199707,841.4199829,844.9899902,20521100,0,0,,,,,,,
2021-01-22,834.3099976,848,828.6199951,846.6400146,20066500,0,0,,,,,,,
2021-01-25,855,900.4000244,838.8200073,880.7999878,41173400,0,0,,,,,,,
2021-01-26,891.3800049,895.9000244,871.5999756,883.0900269,23131600,0,0,,,,,,,
2021-01-27,870.3499756,891.5,858.6599731,864.1599731,27334000,0,0,,,,,,,
2021-01-28,820,848,801,835.4299927,26378000,0,0,,,,,,,
2021-01-29,830,842.4099731,780.0999756,793.5300293,34990800,0,0,,,,,,,
2021-02-01,814.289978,842,795.5599976,839.8099976,25391400,0,0,,,,,,,
2021-02-02,844.6799927,880.5,842.2000122,872.789978,24346200,0,0,,,,,,,
2021-02-03,877.0200195,878.0800171,853.0599976,854.6900024,18343500,0,0,,,,,,,
2021-02-04,855,856.5,833.4199829,849.9899902,15812700,0,0,,,,,,,
2021-02-05,845,864.7700195,838.9699707,852.2299805,18566600,0,0,,,,,,,
2021-02-08,869.6699829,877.7700195,854.75,863.4199829,20161700,0,0,,,,,,,
2021-02-09,855.1199951,859.7999878,841.75,849.460022,15157700,0,0,,,,,,,
2021-02-10,843.6400146,844.8200073,800.0200195,804.8200073,36216100,0,0,,,,,,,
2021-02-11,812.4400024,829.8800049,801.7299805,811.6599731,21622800,0,0,,,,,,,
2021-02-12,801.2600098,817.3300171,785.3300171,816.1199951,23768300,0,0,,,,,,,
2021-02-16,818,821,792.4400024,796.2199707,19802300,0,0,,,,,,,
2021-02-17,779.0900269,799.8400269,762.0100098,798.1500244,25996500,0,0,,,,,,,
2021-02-18,780.9000244,794.6900024,776.2700195,787.3800049,17957100,0,0,,,,,,,
2021-02-19,795,796.789978,777.3699951,781.2999878,18958300,0,0,,,,,,,
2021-02-22,762.6400146,768.5,710.2000122,714.5,37269700,0,0,,,,,,,
2021-02-23,662.1300049,713.6099854,619,698.8400269,66606900,0,0,,,,,,,
2021-02-24,711.8499756,745,694.1699829,742.0200195,36767000,0,0,,,,,,,
2021-02-25,726.1500244,737.210022,670.5800171,682.2199707,39023900,0,0,,,,,,,
2021-02-26,700,706.7000122,659.5100098,675.5,41089200,0,0,,,,,,,
2021-03-01,690.1099854,719,685.0499878,718.4299927,27136200,0,0,,,,,,,
2021-03-02,718.2800293,721.1099854,685,686.4400024,23732200,0,0,,,,,,,
2021-03-03,687.9899902,700.7000122,651.710022,653.2000122,30208000,0,0,,,,,,,
2021-03-04,655.7999878,668.4500122,600,621.4400024,65919500,0,0,,,,,,,
2021-03-05,626.0599976,627.8400269,539.4899902,597.9500122,89396500,0,0,,,,,,,
2021-03-08,600.5499878,620.1300049,558.789978,563,51787000,0,0,,,,,,,
2021-03-09,608.1799927,678.0900269,595.210022,673.5800171,67523300,0,0,,,,,,,
2021-03-10,700.2999878,717.8499756,655.0599976,668.0599976,60605700,0,0,,,,,,,
2021-03-11,699.4000244,702.5,677.1799927,699.5999756,36253900,0,0,,,,,,,
2021-03-12,670,694.8800049,666.1400146,693.7299805,33583800,0,0,,,,,,,
2021-03-15,694.0900269,713.1799927,684.039978,707.9400024,29335600,0,0,,,,,,,
2021-03-16,703.3499756,707.9199829,671,676.8800049,32195700,0,0,,,,,,,
2021-03-17,656.8699951,703.7299805,651.0100098,701.8099976,40372500,0,0,,,,,,,
2021-03-18,684.289978,689.2299805,652,653.1599731,33224800,0,0,,,,,,,
2021-03-19,646.5999756,657.2299805,624.6199951,654.8699951,42894000,0,0,,,,,,,
2021-03-22,684.5900269,699.6199951,668.75,670,39512200,0,0,,,,,,,
2021-03-23,675.7700195,677.7999878,657.5100098,662.1599731,30491900,0,0,,,,,,,
2021-03-24,667.9099731,668.0200195,630.1099854,630.2700195,33795200,0,0,,,,,,,
2021-03-25,613,645.5,609.5,640.3900146,39224900,0,0,,,,,,,
2021-03-26,641.8699951,643.8200073,599.8900146,618.710022,33852800,0,0,,,,,,,
2021-03-29,615.6400146,616.4799805,596.0200195,611.289978,28637000,0,0,,,,,,,
2021-03-30,601.75,637.6599731,591.0100098,635.6199951,39432400,0,0,,,,,,,
2021-03-31,646.6199951,672,641.1099854,667.9299927,33337300,0,0,,,,,,,
2021-04-01,688.3699951,692.4199829,659.4199829,661.75,35298400,0,0,,,,,,,
2021-04-05,707.710022,708.1599731,684.7000122,691.0499878,41842800,0,0,,,,,,,
2021-04-06,690.2999878,696.5499878,681.3699951,691.6199951,28271800,0,0,,,,,,,
2021-04-07,687,691.3800049,667.8400269,670.9699707,26309400,0,0,,,,,,,
2021-04-08,677.3800049,689.5499878,671.6500244,683.7999878,23924300,0,0,,,,,,,
2021-04-09,677.7700195,680.9699707,669.4299927,677.0200195,21437100,0,0,,,,,,,
2021-04-12,685.7000122,704.7999878,682.0900269,701.9799805,29135700,0,0,,,,,,,
2021-04-13,712.7000122,763,710.6599731,762.3200073,44652800,0,0,,,,,,,
2021-04-14,770.7000122,780.789978,728.0300293,732.2299805,49017400,0,0,,,,,,,
2021-04-15,743.0999756,743.6900024,721.3099976,738.8499756,27848900,0,0,,,,,,,
2021-04-16,728.6500244,749.4099731,724.5999756,739.7800293,27979500,0,0,,,,,,,
2021-04-19,719.5999756,725.4000244,691.7999878,714.6300049,39686200,0,0,,,,,,,
2021-04-20,717.4199829,737.25,710.6900024,718.9899902,35609000,0,0,,,,,,,
2021-04-21,704.7700195,744.8400269,698,744.1199951,31215500,0,0,,,,,,,
2021-04-22,741.5,753.7700195,718.039978,719.6900024,35590300,0,0,,,,,,,
2021-04-23,719.7999878,737.3599854,715.460022,729.4000244,28370000,0,0,,,,,,,
2021-04-26,741,749.2999878,732.6099854,738.2000122,31038500,0,0,,,,,,,
2021-04-27,717.960022,724,703.3499756,704.7399902,29437000,0,0,,,,,,,
2021-04-28,696.4099731,708.5,693.5999756,694.4000244,22271000,0,0,,,,,,,
2021-04-29,699.5100098,702.25,668.5,677,28845400,0,0,,,,,,,
2021-04-30,667.5900269,715.4699707,666.1400146,709.4400024,40758700,0,0,,,,,,,
2021-05-03,703.7999878,706,680.5,684.9000244,27043100,0,0,,,,,,,
2021-05-04,678.9400024,683.4500122,657.7000122,673.5999756,29739300,0,0,,,,,,,
2021-05-05,681.0599976,685.2999878,667.3400269,670.9400024,21901900,0,0,,,,,,,
2021-05-06,680.7600098,681.0200195,650,663.539978,27784600,0,0,,,,,,,
2021-05-07,665.7999878,690,660.2199707,672.3699951,23469200,0,0,,,,,,,
2021-05-10,664.9000244,665.0499878,627.6099854,629.039978,31392400,0,0,,,,,,,
2021-05-11,599.2399902,627.0999756,595.5999756,617.2000122,46503900,0,0,,,,,,,
2021-05-12,602.4899902,620.4099731,586.7700195,589.8900146,33823600,0,0,,,,,,,
2021-05-13,601.539978,606.460022,559.6500244,571.6900024,44184900,0,0,,,,,,,
2021-05-14,583.4099731,592.8699951,570.460022,589.7399902,33370900,0,0,,,,,,,
2021-05-17,575.5499878,589.7299805,561.2000122,576.8300171,32390400,0,0,,,,,,,
2021-05-18,568,596.25,563.3800049,577.8699951,36830600,0,0,,,,,,,
2021-05-19,552.5499878,566.210022,546.9799805,563.460022,39578400,0,0,,,,,,,
2021-05-20,575,588.8499756,571.0700073,586.7800293,30821100,0,0,,,,,,,
2021-05-21,596.1099854,596.6799927,580,580.8800049,26030600,0,0,,,,,,,
2021-05-24,581.5999756,614.4799805,573.6500244,606.4400024,34558100,0,0,,,,,,,
2021-05-25,607.3099976,613.9899902,595.710022,604.6900024,28005900,0,0,,,,,,,
2021-05-26,607.5599976,626.1699829,601.5,619.1300049,28639300,0,0,,,,,,,
2021-05-27,620.2399902,631.1300049,616.210022,630.8499756,26370600,0,0,,,,,,,
2021-05-28,628.5,635.5900269,622.3800049,625.2199707,22737000,0,0,,,,,,,
2021-06-01,627.7999878,633.7999878,620.5499878,623.9000244,18084900,0,0,,,,,,,
2021-06-02,620.1300049,623.3599854,599.1400146,605.1199951,23302800,0,0,,,,,,,
2021-06-03,601.7999878,604.5499878,571.2199707,572.8400269,30111900,0,0,,,,,,,
2021-06-04,579.710022,600.6099854,577.2000122,599.0499878,24036900,0,0,,,,,,,
2021-06-07,591.8300171,610,582.8800049,605.1300049,22543700,0,0,,,,,,,
2021-06-08,623.0100098,623.0900269,595.5,603.5900269,26053400,0,0,,,,,,,
2021-06-09,602.1699829,611.789978,597.6300049,598.7800293,16584600,0,0,,,,,,,
2021-06-10,603.8800049,616.5900269,600.5,610.1199951,23919600,0,0,,,,,,,
2021-06-11,610.2299805,612.5599976,601.5200195,609.8900146,16205300,0,0,,,,,,,
2021-06-14,612.2299805,625.4899902,609.1799927,617.6900024,20424000,0,0,,,,,,,
2021-06-15,616.6900024,616.789978,598.2299805,599.3599854,17764100,0,0,,,,,,,
2021-06-16,597.539978,608.5,593.5,604.8699951,22144100,0,0,,,,,,,
2021-06-17,601.8900146,621.4699707,601.3400269,616.5999756,22701400,0,0,,,,,,,
2021-06-18,613.3699951,628.3499756,611.7999878,623.3099976,24560900,0,0,,,,,,,
2021-06-21,624.4799805,631.3900146,608.8800049,620.8300171,24812700,0,0,,,,,,,
2021-06-22,618.25,628.5700073,615.5,623.710022,19158900,0,0,,,,,,,
2021-06-23,632,657.2000122,630.039978,656.5700073,31099200,0,0,,,,,,,
2021-06-24,674.9899902,697.6199951,667.6099854,679.8200073,45982400,0,0,,,,,,,
2021-06-25,689.5800171,693.8099976,668.7000122,671.8699951,32496700,0,0,,,,,,,
2021-06-28,671.6400146,694.7000122,670.3200073,688.7199707,21628200,0,0,,,,,,,
2021-06-29,684.6500244,687.5100098,675.8900146,680.7600098,17381300,0,0,,,,,,,
2021-06-30,679.7700195,692.8099976,678.1400146,679.7000122,18924900,0,0,,,,,,,
2021-07-01,683.9199829,687.9899902,672.7999878,677.9199829,18634500,0,0,,,,,,,
2021-07-02,678.9799805,700,673.2600098,678.9000244,27054500,0,0,,,,,,,
2021-07-06,681.710022,684,651.4000244,659.5800171,23284500,0,0,,,,,,,
2021-07-07,664.2700195,665.7000122,638.3200073,644.6500244,18792000,0,0,,,,,,,
2021-07-08,628.3699951,654.4299927,620.460022,652.8099976,22773300,0,0,,,,,,,
2021-07-09,653.1799927,658.9099731,644.6900024,656.9500122,18140500,0,0,,,,,,,
2021-07-12,662.2000122,687.2399902,662.1599731,685.7000122,25927000,0,0,,,,,,,
2021-07-13,686.3200073,693.2800293,666.2999878,668.539978,20966100,0,0,,,,,,,
2021-07-14,670.75,678.6099854,652.8400269,653.3800049,21641200,0,0,,,,,,,
2021-07-15,658.3900146,666.1400146,637.8800049,650.5999756,20209600,0,0,,,,,,,
2021-07-16,654.6799927,656.7000122,642.2000122,644.2199707,16371000,0,0,,,,,,,
2021-07-19,629.8900146,647.2000122,621.289978,646.2199707,21297100,0,0,,,,,,,
2021-07-20,651.9899902,662.3900146,640.5,660.5,15487100,0,0,,,,,,,
2021-07-21,659.6099854,664.8599854,650.289978,655.289978,13953300,0,0,,,,,,,
2021-07-22,656.4400024,662.1699829,644.5999756,649.2600098,15105700,0,0,,,,,,,
2021-07-23,646.3599854,648.7999878,637.2999878,643.3800049,14604900,0,0,,,,,,,
2021-07-26,650.9699707,668.2000122,647.1099854,657.6199951,25336600,0,0,,,,,,,
2021-07-27,663.4000244,666.5,627.2399902,644.7800293,32813300,0,0,,,,,,,
2021-07-28,647,654.9699707,639.4000244,646.9799805,16006600,0,0,,,,,,,
2021-07-29,649.789978,683.6900024,648.7999878,677.3499756,30394600,0,0,,,,,,,
2021-07-30,671.7600098,697.5300293,669,687.2000122,29656400,0,0,,,,,,,
2021-08-02,700,726.9400024,698.4000244,709.6699829,33615800,0,0,,,,,,,
2021-08-03,719,722.6500244,701.0100098,709.7399902,21620300,0,0,,,,,,,
2021-08-04,711,724.9000244,708.9299927,710.9199829,17002600,0,0,,,,,,,
2021-08-05,716,720.9500122,711.4099731,714.6300049,12919600,0,0,,,,,,,
2021-08-06,711.9000244,716.3300171,697.6300049,699.0999756,15623000,0,0,,,,,,,
2021-08-09,710.1699829,719.0300293,705.1300049,713.7600098,14715300,0,0,,,,,,,
2021-08-10,713.9899902,716.5900269,701.8800049,709.9899902,13432300,0,0,,,,,,,
2021-08-11,712.710022,715.1799927,704.210022,707.8200073,9800600,0,0,,,,,,,
2021-08-12,706.3400269,722.7999878,699.4000244,722.25,17459100,0,0,,,,,,,
2021-08-13,723.710022,729.9000244,714.3400269,717.1699829,16731500,0,0,,,,,,,
2021-08-16,705.0700073,709.5,676.4000244,686.1699829,22677400,0,0,,,,,,,
2021-08-17,672.6599731,674.5800171,648.8400269,665.710022,23721300,0,0,,,,,,,
2021-08-18,669.75,695.7700195,669.3499756,688.9899902,20349400,0,0,,,,,,,
2021-08-19,678.210022,686.5499878,667.5900269,673.4699707,14313500,0,0,,,,,,,
2021-08-20,682.8499756,692.1300049,673.7000122,680.2600098,14841900,0,0,,,,,,,
2021-08-23,685.4400024,712.1300049,680.75,706.2999878,20264900,0,0,,,,,,,
2021-08-24,710.6799927,715.2199707,702.6400146,708.4899902,13083100,0,0,,,,,,,
2021-08-25,707.0300293,716.9699707,704,711.2000122,12645600,0,0,,,,,,,
2021-08-26,708.3099976,715.4000244,697.6199951,701.1599731,13214300,0,0,,,,,,,
2021-08-27,705,715,702.0999756,711.9199829,13833800,0,0,,,,,,,
2021-08-30,714.7199707,731,712.7299805,730.9099731,18604200,0,0,,,,,,,
2021-08-31,733,740.3900146,726.4400024,735.7199707,20855400,0,0,,,,,,,
2021-09-01,734.0800171,741.9899902,731.2700195,734.0900269,13204300,0,0,,,,,,,
2021-09-02,734.5,740.9699707,730.539978,732.3900146,12777300,0,0,,,,,,,
2021-09-03,732.25,734,724.2000122,733.5700073,15246100,0,0,,,,,,,
2021-09-07,740,760.2000122,739.2600098,752.9199829,20039800,0,0,,,,,,,
2021-09-08,761.5800171,764.4500122,740.7700195,753.8699951,18793000,0,0,,,,,,,
2021-09-09,753.4099731,762.0999756,751.6300049,754.8599854,14077700,0,0,,,,,,,
2021-09-10,759.5999756,762.6099854,734.5200195,736.2700195,15184200,0,0,,,,,,,
2021-09-13,740.210022,744.7800293,708.8499756,743,22952500,0,0,,,,,,,
2021-09-14,742.5700073,754.4699707,736.4000244,744.4899902,18524900,0,0,,,,,,,
2021-09-15,745,756.8599854,738.3599854,755.8300171,15357700,0,0,,,,,,,
2021-09-16,752.8300171,758.9099731,747.6099854,756.9899902,13923400,0,0,,,,,,,
2021-09-17,757.1500244,761.039978,750,759.4899902,28204200,0,0,,,,,,,
2021-09-20,734.5599976,742,718.6199951,730.1699829,24757700,0,0,,,,,,,
2021-09-21,734.789978,744.7399902,730.4400024,739.3800049,16330700,0,0,,,,,,,
2021-09-22,743.5300293,753.6699829,739.1199951,751.9400024,15126300,0,0,,,,,,,
2021-09-23,755,758.2000122,747.9199829,753.6400146,11947500,0,0,,,,,,,
2021-09-24,745.8900146,774.7999878,744.5599976,774.3900146,21373000,0,0,,,,,,,
2021-09-27,773.1199951,799,769.3099976,791.3599854,28070700,0,0,,,,,,,
2021-09-28,787.2000122,795.6400146,766.1799927,777.5599976,25381400,0,0,,,,,,,
2021-09-29,779.7999878,793.5,770.6799927,781.3099976,20942900,0,0,,,,,,,
2021-09-30,781,789.1300049,775,775.4799805,17956000,0,0,,,,,,,
2021-10-01,778.4000244,780.7800293,763.5900269,775.2199707,17031400,0,0,,,,,,,
2021-10-04,796.5,806.9699707,776.1199951,781.5300293,30483300,0,0,,,,,,,
2021-10-05,784.7999878,797.3099976,774.2000122,780.5900269,18432600,0,0,,,,,,,
2021-10-06,776.2000122,786.6599731,773.2199707,782.75,14632800,0,0,,,,,,,
2021-10-07,785.460022,805,783.3800049,793.6099854,19195800,0,0,,,,,,,
2021-10-08,796.210022,796.3800049,780.9099731,785.4899902,16738600,0,0,,,,,,,
2021-10-11,787.6500244,801.2399902,785.5,791.9400024,14200300,0,0,,,,,,,
2021-10-12,800.9299927,812.3200073,796.5700073,805.7199707,22020000,0,0,,,,,,,
2021-10-13,810.4699707,815.4099731,805.7800293,811.0800171,14120100,0,0,,,,,,,
2021-10-14,815.4899902,820.25,813.3499756,818.3200073,12247200,0,0,,,,,,,
2021-10-15,823.7399902,843.210022,822.3499756,843.0300293,18924600,0,0,,,,,,,
2021-10-18,851.789978,875.2600098,851.4699707,870.1099854,24207200,0,0,,,,,,,
2021-10-19,877.5300293,877.9500122,862.5100098,864.2700195,17381100,0,0,,,,,,,
2021-10-20,865.3499756,869.4899902,857.3800049,865.7999878,14032100,0,0,,,,,,,
2021-10-21,856,900,855.5,894,31481500,0,0,,,,,,,
2021-10-22,895.5,910,890.960022,909.6799927,22880800,0,0,,,,,,,
2021-10-25,950.5300293,1045.02002,944.2000122,1024.859985,62852100,0,0,,,,,,,
2021-10-26,1024.689941,1094.939941,1001.440002,1018.429993,62415000,0,0,,,,,,,
2021-10-27,1039.660034,1070.880005,1030.780029,1037.859985,38526500,0,0,,,,,,,
2021-10-28,1068.310059,1081,1054.199951,1077.040039,27213200,0,0,,,,,,,
2021-10-29,1081.859985,1115.209961,1073.209961,1114,29918400,0,0,,,,,,,
2021-11-01,1145,1209.75,1118.660034,1208.589966,56048700,0,0,,,,,,,
2021-11-02,1159.359985,1208.589966,1146,1172,42737800,0,0,,,,,,,
2021-11-03,1177.329956,1215.390015,1152.619995,1213.859985,34628500,0,0,,,,,,,
2021-11-04,1234.410034,1243.48999,1217,1229.910034,25397400,0,0,,,,,,,
2021-11-05,1228,1239.869995,1208,1222.089966,21628800,0,0,,,,,,,
2021-11-08,1149.790039,1197,1133,1162.939941,33445700,0,0,,,,,,,
2021-11-09,1173.599976,1174.5,1011.52002,1023.5,59105800,0,0,,,,,,,
2021-11-10,1010.409973,1078.099976,987.3099976,1067.949951,42802700,0,0,,,,,,,
2021-11-11,1102.77002,1104.969971,1054.680054,1063.51001,22396600,0,0,,,,,,,
2021-11-12,1047.5,1054.5,1019.200012,1033.420044,25573100,0,0,,,,,,,
2021-11-15,1017.630005,1031.97998,978.5999756,1013.390015,34775600,0,0,,,,,,,
2021-11-16,1003.309998,1057.199951,1002.179993,1054.72998,26542400,0,0,,,,,,,
2021-11-17,1063.51001,1119.640015,1055.5,1089.01001,31445400,0,0,,,,,,,
2021-11-18,1106.550049,1112,1075.02002,1096.380005,20898900,0,0,,,,,,,
2021-11-19,1098.869995,1138.719971,1092.699951,1137.060059,21642300,0,0,,,,,,,
2021-11-22,1162.329956,1201.949951,1132.430054,1156.869995,33072500,0,0,,,,,,,
2021-11-23,1167.51001,1180.5,1062.699951,1109.030029,36171700,0,0,,,,,,,
2021-11-24,1080.390015,1132.77002,1062,1116,22560200,0,0,,,,,,,
2021-11-26,1099.469971,1108.780029,1081,1081.920044,11680900,0,0,,,,,,,
2021-11-29,1100.98999,1142.670044,1100.189941,1136.98999,19464500,0,0,,,,,,,
2021-11-30,1144.369995,1168,1118,1144.76001,27092000,0,0,,,,,,,
2021-12-01,1160.699951,1172.839966,1090.76001,1095,22816800,0,0,,,,,,,
2021-12-02,1099.060059,1113,1056.650024,1084.599976,24371600,0,0,,,,,,,
2021-12-03,1084.790039,1090.579956,1000.210022,1014.969971,30774000,0,0,,,,,,,
2021-12-06,1001.51001,1021.640015,950.5,1009.01001,27221000,0,0,,,,,,,
2021-12-07,1044.199951,1057.670044,1026.810059,1051.75,18694900,0,0,,,,,,,
2021-12-08,1052.709961,1072.380005,1033,1068.959961,13968800,0,0,,,,,,,
2021-12-09,1060.640015,1062.48999,1002.359985,1003.799988,19812800,0,0,,,,,,,
2021-12-10,1008.75,1020.97998,982.5300293,1017.030029,19888100,0,0,,,,,,,
2021-12-13,1001.090027,1005,951.4199829,966.4099731,26198500,0,0,,,,,,,
2021-12-14,945,966.4099731,930,958.5100098,23602100,0,0,,,,,,,
2021-12-15,953.210022,978.75,928.25,975.9899902,25056400,0,0,,,,,,,
2021-12-16,994.5,994.9799805,921.8499756,926.9199829,27590500,0,0,,,,,,,
2021-12-17,914.7700195,960.6599731,909.039978,932.5700073,33479100,0,0,,,,,,,
2021-12-20,910.7000122,921.6900024,893.3900146,899.9400024,18826700,0,0,,,,,,,
2021-12-21,916.8699951,939.5,886.1199951,938.5300293,23839300,0,0,,,,,,,
2021-12-22,965.6599731,1015.659973,957.0499878,1008.869995,31211400,0,0,,,,,,,
2021-12-23,1006.799988,1072.97998,997.5599976,1067,30904400,0,0,,,,,,,
2021-12-27,1073.670044,1117,1070.719971,1093.939941,23715300,0,0,,,,,,,
2021-12-28,1109.48999,1119,1078.420044,1088.469971,20108000,0,0,,,,,,,
2021-12-29,1098.640015,1104,1064.140015,1086.189941,18718000,0,0,,,,,,,
2021-12-30,1061.329956,1095.550049,1053.150024,1070.339966,15680300,0,0,,,,,,,
2021-12-31,1073.439941,1082,1054.589966,1056.780029,13577900,0,0,,,,,,,
2022-01-03,1147.75,1201.069946,1136.040039,1199.780029,34643800,0,0,,,,,,,
2022-01-04,1189.550049,1208,1123.050049,1149.589966,33416100,0,0,,,,,,,
2022-01-05,1146.650024,1170.339966,1081.01001,1088.119995,26706600,0,0,,,,,,,
2022-01-06,1077,1088,1020.5,1064.699951,30112200,0,0,,,,,,,
2022-01-07,1080.369995,1080.930054,1010,1026.959961,28054900,0,0,,,,,,,
2022-01-10,1000,1059.099976,980,1058.119995,30605000,0,0,,,,,,,
2022-01-11,1053.670044,1075.849976,1038.819946,1064.400024,22021100,0,0,,,,,,,
2022-01-12,1078.849976,1114.839966,1072.589966,1106.219971,27913000,0,0,,,,,,,
2022-01-13,1109.069946,1115.599976,1026.540039,1031.560059,32403300,0,0,,,,,,,
2022-01-14,1019.880005,1052,1013.380005,1049.609985,24308100,0,0,,,,,,,
2022-01-18,1026.609985,1070.790039,1016.059998,1030.51001,22247800,0,0,,,,,,,
2022-01-19,1041.709961,1054.670044,995,995.6500244,25147500,0,0,,,,,,,
2022-01-20,1009.72998,1041.660034,994,996.2700195,23496200,0,0,,,,,,,
2022-01-21,996.3400269,1004.549988,940.5,943.9000244,34472000,0,0,,,,,,,
2022-01-24,904.7600098,933.5100098,851.4699707,930,50521900,0,0,,,,,,,
2022-01-25,914.2000122,951.2600098,903.210022,918.4000244,28865300,0,0,,,,,,,
2022-01-26,952.4299927,987.6900024,906,937.4099731,34955800,0,0,,,,,,,
2022-01-27,933.3599854,935.3900146,829,829.0999756,49036500,0,0,,,,,,,
2022-01-28,831.5599976,857.5,792.0100098,846.3499756,44929700,0,0,,,,,,,
2022-01-31,872.710022,937.9899902,862.0499878,936.7199707,34812000,0,0,,,,,,,
2022-02-01,935.210022,943.7000122,905,931.25,24379400,0,0,,,,,,,
2022-02-02,928.1799927,931.5,889.4099731,905.6599731,22264300,0,0,,,,,,,
2022-02-03,882,937,880.5200195,891.1400146,26285200,0,0,,,,,,,
2022-02-04,897.2199707,936.5,881.1699829,923.3200073,24541800,0,0,,,,,,,
2022-02-07,923.789978,947.7700195,902.710022,907.3400269,20331500,0,0,,,,,,,
2022-02-08,905.5300293,926.289978,894.7999878,922,16909700,0,0,,,,,,,
2022-02-09,935,946.2700195,920,932,17419800,0,0,,,,,,,
2022-02-10,908.3699951,943.8099976,896.7000122,904.5499878,22042300,0,0,,,,,,,
2022-02-11,909.6300049,915.960022,850.7000122,860,26548600,0,0,,,,,,,
2022-02-14,861.5700073,898.8800049,853.1500244,875.7600098,22585500,0,0,,,,,,,
2022-02-15,900,923,893.3800049,922.4299927,19095400,0,0,,,,,,,
2022-02-16,914.0499878,926.4299927,901.210022,923.3900146,17098100,0,0,,,,,,,
2022-02-17,913.2600098,918.5,874.0999756,876.3499756,18392800,0,0,,,,,,,
2022-02-18,886,886.8699951,837.6099854,856.9799805,22833900,0,0,,,,,,,
2022-02-22,834.1300049,856.7299805,801.0999756,821.5300293,27762700,0,0,,,,,,,
2022-02-23,830.4299927,835.2999878,760.5599976,764.039978,31752300,0,0,,,,,,,
2022-02-24,700.3900146,802.4799805,700,800.7700195,45107400,0,0,,,,,,,
2022-02-25,809.2299805,819.5,782.4000244,809.8699951,25355900,0,0,,,,,,,
2022-02-28,815.0100098,876.8599854,814.710022,870.4299927,33002300,0,0,,,,,,,
2022-03-01,869.6799927,889.8800049,853.7800293,864.3699951,24922300,0,0,,,,,,,
2022-03-02,872.1300049,886.4799805,844.2700195,879.8900146,24881100,0,0,,,,,,,
2022-03-03,878.7700195,886.4400024,832.5999756,839.289978,20541200,0,0,,,,,,,
2022-03-04,849.0999756,855.6500244,825.1599731,838.289978,22333200,0,0,,,,,,,
2022-03-07,856.2999878,866.1400146,804.5700073,804.5800171,24164700,0,0,,,,,,,
2022-03-08,795.5300293,849.9899902,782.1699829,824.4000244,26799700,0,0,,,,,,,
2022-03-09,839.4799805,860.5599976,832.0100098,858.9699707,19728000,0,0,,,,,,,
2022-03-10,851.4500122,854.4500122,810.3599854,838.2999878,19549500,0,0,,,,,,,
2022-03-11,840.2000122,843.7999878,793.7700195,795.3499756,22345700,0,0,,,,,,,
2022-03-14,780.6099854,800.7000122,756.039978,766.3699951,23717400,0,0,,,,,,,
2022-03-15,775.2700195,805.5700073,756.5700073,801.8900146,22280400,0,0,,,,,,,
2022-03-16,809,842,802.2600098,840.2299805,28009600,0,0,,,,,,,
2022-03-17,830.9899902,875,825.7199707,871.5999756,22194300,0,0,,,,,,,
2022-03-18,874.4899902,907.8499756,867.3900146,905.3900146,33471400,0,0,,,,,,,
2022-03-21,914.9799805,942.8499756,907.0900269,921.1599731,27327200,0,0,,,,,,,
2022-03-22,930,997.8599854,921.75,993.9799805,35289500,0,0,,,,,,,
2022-03-23,979.9400024,1040.699951,976.4000244,999.1099854,40225400,0,0,,,,,,,
2022-03-24,1009.72998,1024.48999,988.7999878,1013.919983,22973600,0,0,,,,,,,
2022-03-25,1008,1021.799988,997.3200073,1010.640015,20677200,0,0,,,,,,,
2022-03-28,1065.099976,1097.880005,1053.599976,1091.839966,34168700,0,0,,,,,,,
2022-03-29,1107.98999,1114.77002,1073.109985,1099.569946,24538300,0,0,,,,,,,
2022-03-30,1091.170044,1113.949951,1084,1093.98999,19955000,0,0,,,,,,,
2022-03-31,1094.569946,1103.140015,1076.640015,1077.599976,16330900,0,0,,,,,,,
2022-04-01,1081.150024,1094.75,1066.640015,1084.589966,18087700,0,0,,,,,,,
2022-04-04,1089.380005,1149.910034,1072.530029,1145.449951,27345300,0,0,,,,,,,
2022-04-05,1136.300049,1152.869995,1087.300049,1091.26001,26691700,0,0,,,,,,,
2022-04-06,1073.469971,1079,1027.699951,1045.76001,29782800,0,0,,,,,,,
2022-04-07,1052.390015,1076.589966,1021.539978,1057.26001,26482400,0,0,,,,,,,
2022-04-08,1043.209961,1048.439941,1022.440002,1025.48999,18337900,0,0,,,,,,,
2022-04-11,980.4000244,1008.469971,974.6400146,975.9299927,19785700,0,0,,,,,,,
2022-04-12,997.6400146,1021.190002,976.5999756,986.9500122,21992000,0,0,,,,,,,
2022-04-13,981.0800171,1026.23999,973.0999756,1022.369995,18373700,0,0,,,,,,,
2022-04-14,999.289978,1012.710022,982.1900024,985,19474100,0,0,,,,,,,
2022-04-18,989.0300293,1014.919983,973.4099731,1004.289978,17238400,0,0,,,,,,,
2022-04-19,1005.059998,1034.939941,995.3300171,1028.150024,16615900,0,0,,,,,,,
2022-04-20,1030,1034,975.25,977.2000122,23570400,0,0,,,,,,,
2022-04-21,1074.72998,1092.219971,996.4199829,1008.780029,35138800,0,0,,,,,,,
2022-04-22,1014.909973,1034.849976,994,1005.049988,23232200,0,0,,,,,,,
2022-04-25,978.9699707,1008.619995,975.2999878,998.0200195,22780400,0,0,,,,,,,
2022-04-26,995.4299927,1000,875,876.4199829,45377900,0,0,,,,,,,
2022-04-27,898.5800171,918,877.3599854,881.5100098,25652100,0,0,,,,,,,
2022-04-28,899.9799805,900,821.7000122,877.5100098,41649500,0,0,,,,,,,
2022-04-29,902.25,934.4000244,870,870.7600098,29313400,0,0,,,,,,,
2022-05-02,860.7700195,906.3599854,848.0300293,902.9400024,25260500,0,0,,,,,,,
2022-05-03,903.1799927,924.0800171,888.5900269,909.25,21236500,0,0,,,,,,,
2022-05-04,903.9400024,955.5,885.2800293,952.6199951,27214600,0,0,,,,,,,
2022-05-05,939.0200195,945.5999756,857.7000122,873.2800293,30839700,0,0,,,,,,,
2022-05-06,887,888,843.1099854,865.6500244,24264100,0,0,,,,,,,
2022-05-09,836.4500122,845.6300049,781.1500244,787.1099854,30270100,0,0,,,,,,,
2022-05-10,819.3099976,825.3599854,774.25,800.039978,28133900,0,0,,,,,,,
2022-05-11,795,809.7700195,727.2000122,734,32408200,0,0,,,,,,,
2022-05-12,701,759.6599731,680,728,46771000,0,0,,,,,,,
2022-05-13,773.4799805,787.3499756,751.5700073,769.5900269,30651800,0,0,,,,,,,
2022-05-16,767.1599731,769.7600098,719.0900269,724.3699951,28699500,0,0,,,,,,,
2022-05-17,747.3599854,764.4799805,728.8499756,761.6099854,26745400,0,0,,,,,,,
2022-05-18,744.5200195,760.5,700.8099976,709.8099976,29270600,0,0,,,,,,,
2022-05-19,707,734,694.1099854,709.4199829,30098900,0,0,,,,,,,
2022-05-20,713.9899902,721.5800171,633,663.9000244,48190600,0,0,,,,,,,
,,,,,,,,,,,,,,
